Fold,Macro_F1
Fold 1,0.7357149244985591
Fold 2,0.777823352474706
Fold 3,0.7596601594654842
Fold 4,0.43679731007670486
Fold 5,0.7594167261615563
